{
  "metadata": {
    "timestamp": "20250715_110512",
    "optimizer": "EitenOptimizer",
    "risk_free_rate": 0.02,
    "symbols": [
      "VEA",
      "VWO",
      "VTI",
      "BND",
      "SHY",
      "SPY",
      "TIPS",
      "IWM",
      "QQQ",
      "VNQ",
      "DBC",
      "EFA",
      "GLD",
      "TLT"
    ],
    "data_points": 12
  },
  "optimization_results": {
    "eigen_portfolio": {
      "weights": {
        "VEA": 0.04381025887771503,
        "VWO": 0.1096661525220432,
        "VTI": 0.13859743516398446,
        "BND": 0.11512674085133608,
        "SHY": 0.004806916318363985,
        "SPY": 0.09972581437829563,
        "TIPS": 0.17063527377867843,
        "IWM": 0.013237733497867625,
        "QQQ": 0.08921291262518563,
        "VNQ": 0.04371190362957548,
        "DBC": 0.020611138922694772,
        "EFA": 0.0960090192880808,
        "GLD": 0.0018400694657345546,
        "TLT": 0.0530086306804443
      },
      "expected_return": -0.2883894862401118,
      "volatility": 0.10843114164074363,
      "sharpe_ratio": -2.8441043926464817,
      "portfolio_number": 2,
      "eigenvalue": 0.10886912132941952
    },
    "minimum_variance": {
      "weights": {
        "VEA": 0.07142857142857142,
        "VWO": 0.07142857142857142,
        "VTI": 0.07142857142857142,
        "BND": 0.07142857142857142,
        "SHY": 0.07142857142857142,
        "SPY": 0.07142857142857142,
        "TIPS": 0.07142857142857142,
        "IWM": 0.07142857142857142,
        "QQQ": 0.07142857142857142,
        "VNQ": 0.07142857142857142,
        "DBC": 0.07142857142857142,
        "EFA": 0.07142857142857142,
        "GLD": 0.07142857142857142,
        "TLT": 0.07142857142857142
      },
      "expected_return": -0.3997962112586622,
      "volatility": 0.08818370489633694,
      "sharpe_ratio": -4.760473737774428
    },
    "max_sharpe": {
      "weights": {
        "VEA": 0.0,
        "VWO": 0.0,
        "VTI": 0.0,
        "BND": 0.0,
        "SHY": 0.0,
        "SPY": 0.0,
        "TIPS": 0.0,
        "IWM": 1.0443885374932866e-14,
        "QQQ": 0.8586853605665155,
        "VNQ": 1.348782908244955e-14,
        "DBC": 0.1413146394335175,
        "EFA": 0.0,
        "GLD": 0.0,
        "TLT": 6.494601216968617e-15
      },
      "expected_return": 0.6116772390726589,
      "volatility": 0.2871371017191523,
      "sharpe_ratio": 2.0606088016148334
    },
    "genetic_algorithm": {
      "weights": {
        "VEA": 0.0,
        "VWO": 0.0,
        "VTI": 0.0,
        "BND": 0.0,
        "SHY": 0.0,
        "SPY": 0.0,
        "TIPS": 0.0,
        "IWM": 0.0,
        "QQQ": 0.8587243253823943,
        "VNQ": 0.0,
        "DBC": 0.14127567461760573,
        "EFA": 0.0,
        "GLD": 0.0,
        "TLT": 0.0
      },
      "expected_return": 0.6116990792747176,
      "volatility": 0.28714770028871284,
      "sharpe_ratio": 2.060608804039849,
      "iterations": 177,
      "function_evaluations": 37455
    }
  }
}