{
  "timestamp": "20250714_152306",
  "assets": [
    "BND",
    "DBC",
    "EFA",
    "GLD",
    "IWM",
    "QQQ",
    "SHY",
    "SPY",
    "TIPS",
    "TLT",
    "VEA",
    "VNQ",
    "VTI",
    "VWO"
  ],
  "weights": {
    "BND": 0.11106022752416207,
    "DBC": 0.054598432667670976,
    "EFA": 0.04654755030909712,
    "GLD": 0.03939243496640004,
    "IWM": 0.02442049756896323,
    "QQQ": 0.025635912331163555,
    "SHY": 0.47989161916382334,
    "SPY": 0.0313575929394624,
    "TIPS": 0.005594842975214761,
    "TLT": 0.037110794703732033,
    "VEA": 0.04608988534760043,
    "VNQ": 0.02896779757746651,
    "VTI": 0.030993018674146576,
    "VWO": 0.03833939325109698
  },
  "performance": {
    "expected_return": -0.21213415964384716,
    "volatility": 0.06231863206378952,
    "sharpe_ratio": -3.7249559554875016
  },
  "risk_free_rate": 0.02,
  "pypfopt_available": false
}