{
  "timestamp": "20250715_110512",
  "optimizer": "riskfolio_lib",
  "strategy": "risk_parity",
  "assets": [
    "BND",
    "DBC",
    "EFA",
    "GLD",
    "IWM",
    "QQQ",
    "SHY",
    "SPY",
    "TIPS",
    "TLT",
    "VEA",
    "VNQ",
    "VTI",
    "VWO"
  ],
  "weights": {
    "BND": 0.07142857142857144,
    "DBC": 0.07142857142857144,
    "EFA": 0.07142857142857144,
    "GLD": 0.07142857142857144,
    "IWM": 0.07142857142857144,
    "QQQ": 0.07142857142857144,
    "SHY": 0.07142857142857144,
    "SPY": 0.07142857142857144,
    "TIPS": 0.07142857142857144,
    "TLT": 0.07142857142857144,
    "VEA": 0.07142857142857144,
    "VNQ": 0.07142857142857144,
    "VTI": 0.07142857142857144,
    "VWO": 0.07142857142857144
  },
  "performance": null,
  "risk_contributions": null,
  "risk_free_rate": 0.02,
  "metadata": {
    "optimization_method": "risk_parity",
    "library": "riskfolio-lib",
    "version": "7.0.1"
  }
}