,Manhattan_Distance,Euclidean_Distance,Max_Absolute_Difference,Mean_Absolute_Difference,RMS_Difference
Eiten_Eigen Portfolio_20250714_163424 vs Eiten_Minimum Variance_20250714_163424,0.637947,0.191223,0.099207,0.045568,0.051107
Eiten_Eigen Portfolio_20250714_163424 vs Eiten_Max Sharpe_20250714_163424,1.780352,0.840398,0.769472,0.127168,0.224606
Eiten_Eigen Portfolio_20250714_163424 vs Eiten_Genetic Algorithm_20250714_163424,1.780352,0.840427,0.769511,0.127168,0.224614
Eiten_Eigen Portfolio_20250714_163424 vs PyPortfolioOpt_max_sharpe_20250714_152306,1.120174,0.532874,0.475085,0.080012,0.142417
Eiten_Eigen Portfolio_20250714_163424 vs Riskfolio-Lib_risk_parity_20250714_162236,0.637947,0.191223,0.099207,0.045568,0.051107
Eiten_Minimum Variance_20250714_163424 vs Eiten_Max Sharpe_20250714_163424,1.714286,0.82818,0.787257,0.122449,0.22134
Eiten_Minimum Variance_20250714_163424 vs Eiten_Genetic Algorithm_20250714_163424,1.714286,0.828213,0.787295,0.122449,0.221349
Eiten_Minimum Variance_20250714_163424 vs PyPortfolioOpt_max_sharpe_20250714_152306,0.896189,0.432366,0.408463,0.064014,0.115555
Eiten_Minimum Variance_20250714_163424 vs Riskfolio-Lib_risk_parity_20250714_162236,0.0,0.0,0.0,0.0,0.0
Eiten_Max Sharpe_20250714_163424 vs Eiten_Genetic Algorithm_20250714_163424,7.6e-05,5.4e-05,3.8e-05,5e-06,1.4e-05
Eiten_Max Sharpe_20250714_163424 vs PyPortfolioOpt_max_sharpe_20250714_152306,1.839531,0.977866,0.833049,0.131395,0.261346
Eiten_Max Sharpe_20250714_163424 vs Riskfolio-Lib_risk_parity_20250714_162236,1.714286,0.82818,0.787257,0.122449,0.22134
Eiten_Genetic Algorithm_20250714_163424 vs PyPortfolioOpt_max_sharpe_20250714_152306,1.839531,0.977895,0.833088,0.131395,0.261353
Eiten_Genetic Algorithm_20250714_163424 vs Riskfolio-Lib_risk_parity_20250714_162236,1.714286,0.828213,0.787295,0.122449,0.221349
PyPortfolioOpt_max_sharpe_20250714_152306 vs Riskfolio-Lib_risk_parity_20250714_162236,0.896189,0.432366,0.408463,0.064014,0.115555
