{
  "timestamp": "20250715_101945",
  "portfolios_analyzed": 1,
  "portfolio_names": [
    "eiten_optimizer_20250714_163424"
  ],
  "metrics_comparison": {
    "eiten_optimizer_20250714_163424": {
      "total_return": -0.02261305225147836,
      "annualized_return": -0.25312511721647846,
      "annualized_volatility": 0.15539756807240643,
      "sharpe_ratio": -2.005749898522172,
      "max_drawdown": -0.04043383078337007
    }
  },
  "rankings": {
    "total_return_ranking": {
      "eiten_optimizer_20250714_163424": 1
    },
    "annualized_return_ranking": {
      "eiten_optimizer_20250714_163424": 1
    },
    "sharpe_ratio_ranking": {
      "eiten_optimizer_20250714_163424": 1
    },
    "annualized_volatility_ranking": {
      "eiten_optimizer_20250714_163424": 1
    },
    "max_drawdown_ranking": {
      "eiten_optimizer_20250714_163424": 1
    }
  },
  "best_performers": {
    "highest_total_return": "eiten_optimizer_20250714_163424",
    "highest_sharpe_ratio": "eiten_optimizer_20250714_163424",
    "lowest_volatility": "eiten_optimizer_20250714_163424",
    "lowest_max_drawdown": "eiten_optimizer_20250714_163424"
  }
}