,Eiten_Eigen Portfolio_20250714_163424,Eiten_Minimum Variance_20250714_163424,Eiten_Max Sharpe_20250714_163424,Eiten_Genetic Algorithm_20250714_163424,PyPortfolioOpt_max_sharpe_20250714_152306,Riskfolio-Lib_risk_parity_20250714_162236
Eiten_Eigen Portfolio_20250714_163424,1.000000,,0.051083,0.051098,-0.365562,
Eiten_Minimum Variance_20250714_163424,,,,,,
Eiten_Max Sharpe_20250714_163424,0.051083,,1.000000,1.000000,-0.116455,
Eiten_Genetic Algorithm_20250714_163424,0.051098,,1.000000,1.000000,-0.116453,
PyPortfolioOpt_max_sharpe_20250714_152306,-0.365562,,-0.116455,-0.116453,1.000000,
Riskfolio-Lib_risk_parity_20250714_162236,,,,,,
